,0
0,european
1,articl
2,commun
3,regard
4,council
5,commiss
6,thereof
7,establish
8,oj
9,member
10,state
11,brussel
12,treati
13,provid
14,adopt
15,amend
16,accord
17,committe
18,refer
19,regul
20,measur
21,forc
22,ec
23,applic
24,decis
25,annex
26,offici
27,eec
28,enter
29,appli
30,provis
31,opinion
32,requir
33,journal
34,econom
35,inform
36,public
37,decemb
38,set
39,product
40,made
41,relat
42,text
43,order
44,condit
45,rule
46,quot
47,dai
48,direct
49,procedur
50,june
51,author
52,respect
53,includ
54,date
55,address
56,laid
57,implement
58,period
59,presid
60,market
61,ii
62,effect
63,ensur
64,juli
65,case
66,agreement
67,common
68,account
69,concern
70,part
71,gener
72,year
73,decid
74,time
75,basi
76,relev
77,directli
78,point
79,paragraph
80,purpos
81,union
82,nation
83,subject
84,cover
85,number
86,specif
87,result
88,januari
89,list
90,propos
91,limit
92,lai
93,import
94,pursuant
95,mean
96,make
97,addit
98,area
99,oper
100,present
101,carri
102,countri
103,bind
104,view
105,form
106,request
107,notifi
108,submit
109,system
110,march
111,replac
112,publish
113,govern
114,octob
115,grant
116,detail
117,place
118,trade
119,document
120,determin
121,level
122,approv
123,month
124,administr
125,develop
126,law
127,end
128,april
129,manag
130,intern
131,iii
132,act
133,meet
134,entireti
135,novemb
136,term
137,ad
138,consid
139,technic
140,origin
141,base
142,parliament
143,activ
144,exist
145,notif
146,take
147,compli
148,repres
149,gt
150,control
151,object
152,amount
153,intend
154,work
155,unit
156,entri
157,protect
158,compet
159,defin
160,access
161,parti
162,februari
163,design
164,question
165,report
166,tabl
167,complet
168,respons
169,arrang
170,reason
171,interest
172,septemb
173,process
174,adjust
175,eea
176,hereinaft
177,continu
178,authent
179,examin
180,receiv
181,produc
182,consult
183,section
184,situat
185,total
186,constitut
187,action
188,republ
189,special
190,initi
191,good
192,natur
193,financi
194,issu
195,person
196,increas
197,standard
198,joint
199,obtain
200,give
201,principl
202,assess
203,oblig
204,fix
205,servic
206,final
207,type
208,iv
209,involv
210,cooper
211,subparagraph
212,polici
213,affect
214,sector
215,suppli
216,accept
217,posit
218,support
219,field
220,cost
221,improv
222,contribut
223,maximum
224,extend
225,method
226,group
227,matter
228,assist
229,rate
230,protocol
231,undertak
232,legal
233,framework
234,consist
235,definit
236,reduc
237,region
238,programm
239,remain
240,conclus
241,practic
242,social
243,individu
244,prepar
245,health
246,industri
247,due
248,organis
249,prejudic
250,enabl
251,territori
252,conclud
253,agricultur
254,consider
255,agre
256,stand
257,data
258,prevent
259,light
260,declar
261,free
262,plan
263,contract
264,achiev
265,accompani
266,exchang
267,authoris
268,except
269,bodi
270,note
271,introduc
272,open
273,suffici
274,adapt
275,organ
276,annual
277,complianc
278,sign
279,criteria
280,transport
281,singl
282,export
283,monitor
284,fall
285,indic
286,guarante
287,drawn
288,fulfil
289,quantiti
290,letter
291,equival
292,structur
293,express
294,allow
295,mention
296,legisl
297,check
298,restrict
299,full
300,event
301,benefit
302,custom
303,exce
304,maintain
305,secur
306,contain
307,certif
308,calcul
309,identifi
310,minimum
311,languag
312,possibl
313,aim
314,equal
315,de
316,materi
317,aid
318,particip
319,progress
320,price
321,close
322,facilit
323,anim
324,payment
325,main
326,risk
327,kingdom
328,permit
329,subsequ
330,high
331,code
332,call
333,scope
334,conform
335,recommend
336,prior
337,function
338,categori
339,extent
340,competit
341,supplement
342,forward
343,circumst
344,qualiti
345,show
346,bring
347,incorpor
348,paid
349,current
350,satisfi
351,chang
352,major
353,power
354,line
355,indent
356,financ
357,separ
358,deliv
359,review
360,draw
361,put
362,institut
363,fact
364,vi
365,perform
366,commerci
367,context
368,resourc
369,integr
370,fund
371,connect
372,differ
373,descript
374,promot
375,confirm
376,charg
377,content
378,aris
379,duti
380,immedi
381,essenti
382,record
383,avoid
384,valid
385,transfer
386,prohibit
387,manufactur
388,similar
389,transit
390,exclud
391,problem
392,chapter
393,compar
394,collect
395,test
396,observ
397,held
398,capac
399,associ
400,attach
401,coordin
402,plant
403,reduct
404,offic
405,derog
406,longer
407,conduct
408,shown
409,evalu
410,ground
411,sale
412,found
413,lead
414,hold
415,combin
416,regist
417,justifi
418,behalf
419,long
420,reach
421,equip
422,luxembourg
423,instrument
424,substanti
425,futur
426,bear
427,step
428,treatment
429,manner
430,characterist
431,scheme
432,europ
433,approxim
434,august
435,signific
436,advanc
437,favour
438,qualifi
439,latest
440,element
441,start
442,right
443,inter
444,link
445,weight
446,impos
447,size
448,alloc
449,actual
450,fulli
451,met
452,stage
453,head
454,deem
455,small
456,impact
457,exceed
458,experi
459,invest
460,find
461,basic
462,introduct
463,evid
464,appear
465,analysi
466,balanc
467,hand
468,locat
469,depend
470,offer
471,environ
472,exempt
473,previou
474,food
475,compani
476,opportun
477,busi
478,creat
479,exercis
480,adequ
481,abovement
482,notic
483,remov
484,project
485,normal
486,human
487,sole
488,commit
489,distribut
490,germani
491,lower
492,select
493,consum
494,exclus
495,estim
496,privat
497,elig
498,correct
499,larg
500,insert
501,expenditur
502,alia
503,statement
504,mark
505,draft
506,need
507,compris
508,french
509,share
510,franc
511,compat
512,factor
513,file
514,negoti
515,invit
516,aspect
517,inspect
518,expect
519,repeal
520,safeti
521,clear
522,million
523,preced
524,statist
525,sourc
526,confer
527,percentag
528,higher
529,movement
530,consequ
531,substanc
532,water
533,entitl
534,word
535,central
536,verifi
537,pai
538,delai
539,court
540,convent
541,potenti
542,local
543,eur
544,live
545,extens
546,interpret
547,formal
548,effici
549,averag
550,proper
551,greater
552,absenc
553,suitabl
554,regular
555,deriv
556,veterinari
557,correspond
558,consumpt
559,scientif
560,copi
561,independ
562,figur
563,task
564,stock
565,dispos
566,mechan
567,difficulti
568,volum
569,purchas
570,agenc
571,occur
572,proceed
573,undertaken
574,titl
575,en
576,proport
577,tariff
578,franz
579,rais
580,encourag
581,bank
582,facil
583,receipt
584,technolog
585,begin
586,incur
587,altern
588,durat
589,treat
590,forthwith
591,comment
592,guidelin
593,studi
594,spain
595,employ
596,claim
597,mutual
598,desir
599,uniform
600,fischler
601,reserv
602,loss
603,return
604,train
605,packag
606,board
607,reflect
608,effort
609,capit
610,appoint
611,ident
612,research
613,instal
614,delet
615,network
616,iceland
617,statu
618,extern
619,thereto
620,version
621,expert
622,german
623,perman
624,written
625,environment
626,vii
627,budget
628,investig
629,approach
630,model
631,revis
632,envisag
633,termin
634,low
635,resolut
636,modifi
637,itali
638,tonn
639,prioriti
640,advantag
641,contact
642,excess
643,net
644,recognis
645,demonstr
646,submiss
647,certifi
648,land
649,feder
650,domest
651,storag
652,releas
653,centr
654,tax
655,execut
656,run
657,serv
658,rang
659,energi
660,sum
661,withdraw
662,provision
663,strengthen
664,item
665,recent
666,rise
667,geograph
668,economi
669,occas
670,role
671,caus
672,world
673,transpar
674,identif
675,fail
676,construct
677,sampl
678,demand
679,scale
680,ireland
681,compon
682,elimin
683,transmit
684,temporari
685,distort
686,prove
687,stipul
688,properti
689,suspend
690,staff
691,kind
692,depart
693,seek
694,belong
695,english
696,verif
697,precis
698,medium
699,emploi
700,director
701,concentr
702,deal
703,refus
704,degre
705,expiri
706,acquir
707,speci
708,short
709,discuss
710,r
711,firm
712,build
713,princip
714,destin
715,assur
716,chairman
717,physic
718,knowledg
719,classif
720,quota
721,presenc
722,read
723,contrari
724,convers
725,norwegian
726,updat
727,netherland
728,expir
729,success
730,alter
731,transact
732,fisheri
733,la
734,notwithstand
735,fourth
736,solut
737,sentenc
738,belgium
739,justic
740,capabl
741,austria
742,licenc
743,post
744,liabl
745,attent
746,sold
747,sweden
748,repli
749,wide
750,cross
751,flow
752,option
753,previous
754,send
755,strategi
756,pursu
757,half
758,write
759,intent
760,vehicl
761,mainten
762,virtu
763,italian
764,name
765,entir
766,user
767,deliveri
768,awar
769,attain
770,ecu
771,duli
772,engag
773,compens
774,failur
775,advisori
776,recipi
777,creation
778,retain
779,n
780,classifi
781,agent
782,partial
783,born
784,profit
785,chain
786,composit
787,eu
788,denmark
789,gain
790,fresh
791,leav
792,pic
793,target
794,portug
795,assum
796,follow
797,euratom
798,brought
799,ag
800,signatur
801,supervis
802,modif
803,emerg
804,back
805,finland
806,expens
807,damag
808,registr
809,intervent
810,pend
811,cn
812,lodg
813,confidenti
814,transmiss
815,label
816,neg
817,chemic
818,incompat
819,safeguard
820,advers
821,preserv
822,handl
823,proof
824,sell
825,inclus
826,recogn
827,possess
828,avail
829,intra
830,road
831,valu
832,side
833,circul
834,store
835,real
836,hereto
837,analys
838,assign
839,enterpris
840,automat
841,air
842,zone
843,foreign
844,renew
845,doubt
846,steel
847,regularli
848,instruct
849,acknowledg
850,move
851,award
852,week
853,recoveri
854,remedi
855,vice
856,wish
857,fish
858,highest
859,surveil
860,entail
861,vari
862,vessel
863,add
864,life
865,harmonis
866,oil
867,partli
868,recognit
869,electron
870,prefer
871,supplier
872,page
873,kg
874,van
875,enforc
876,pass
877,peopl
878,diseas
879,beneficiari
880,summari
881,liquid
882,profession
883,guidanc
884,currenc
885,format
886,schedul
887,border
888,dutch
889,infring
890,unabl
891,satisfactori
892,ecsc
893,fit
894,length
895,pre
896,greec
897,ceas
898,spanish
899,choic
900,infrastructur
901,danger
902,featur
903,difficult
904,seri
905,refund
906,distinct
907,charact
908,sustain
909,come
910,instanc
911,advis
912,understand
913,freedom
914,paper
915,concept
916,save
917,viii
918,conjunct
919,significantli
920,consign
921,fair
922,sheet
923,loan
924,hour
925,deadlin
926,residu
927,cut
928,suspens
929,premis
930,incom
931,ask
932,disput
933,site
934,relationship
935,properli
936,suggest
937,influenc
938,f
939,great
940,render
941,nomenclatur
942,entiti
943,notabl
944,worker
945,plai
946,phase
947,face
948,growth
949,lack
950,detect
951,empow
952,prescrib
953,anti
954,amp
955,enhanc
956,earli
957,sea
958,raw
959,global
960,withdrawn
961,partner
962,sound
963,column
964,foodstuff
965,trend
966,comparison
967,stress
968,harmon
969,wast
970,appropri
971,interim
972,travel
973,vote
974,david
975,past
976,convert
977,reimburs
978,consolid
979,popul
980,interv
981,meat
982,budgetari
983,veget
984,recov
985,stabil
986,turnov
987,pressur
988,varieti
989,explain
990,led
991,compos
992,secretariat
993,class
994,wholli
995,earlier
996,supplementari
997,asset
998,liabil
999,proportion
1000,byrn
1001,holder
1002,partnership
1003,electr
1004,bilater
1005,divid
1006,flexibl
1007,civil
1008,harm
1009,techniqu
1010,margin
1011,substitut
1012,fruit
1013,insur
1014,credit
1015,frequenc
1016,euro
1017,left
1018,load
1019,cultur
1020,restructur
1021,reliabl
1022,claus
1023,quantit
1024,deposit
1025,commenc
1026,seventh
1027,outcom
1028,distinguish
1029,fundament
1030,enjoi
1031,deduct
1032,arriv
1033,kei
1034,laboratori
1035,indirectli
1036,jointli
1037,di
1038,own
1039,regulatori
1040,outlin
1041,payabl
1042,cereal
1043,tradit
1044,discharg
1045,breach
1046,irrespect
1047,employe
1048,spread
1049,rel
1050,calendar
1051,insuffici
1052,colour
1053,discrimin
1054,exhaust
1055,resid
1056,reinforc
1057,barrier
1058,tender
1059,revenu
1060,turn
1061,indirect
1062,reject
1063,ow
1064,ga
1065,comprehens
1066,judgment
1067,m
1068,particular
1069,ship
1070,disturb
1071,coal
1072,portugues
1073,simplifi
1074,sought
1075,dimens
1076,mind
1077,bound
1078,chosen
1079,minist
1080,proce
1081,threaten
1082,argument
1083,attribut
1084,mm
1085,divis
1086,owner
1087,intens
1088,suffer
1089,round
1090,subsidiari
1091,rest
1092,care
1093,box
1094,distanc
1095,gross
1096,reveal
1097,danish
1098,pattern
1099,t
1100,primari
1101,farm
1102,footnot
1103,threshold
1104,le
1105,preliminari
1106,speed
1107,engin
1108,spot
1109,imposs
1110,strictli
1111,audit
1112,personnel
1113,systemat
1114,levi
1115,recal
1116,famili
1117,motor
1118,abil
1119,true
1120,surfac
1121,conserv
1122,acquisit
1123,clarifi
1124,temperatur
1125,sensit
1126,labour
1127,breakdown
1128,educ
1129,highli
1130,devic
1131,extract
1132,admiss
1133,czech
1134,poland
1135,justif
1136,simultan
1137,repeat
1138,competitor
1139,impli
1140,penalti
1141,northern
1142,channel
1143,respond
1144,compulsori
1145,port
1146,grow
1147,ratio
1148,combat
1149,d
1150,hungari
1151,milk
1152,assembl
1153,minut
1154,exploit
1155,greek
1156,temporarili
1157,mix
1158,polit
1159,ministri
1160,frontier
1161,affair
1162,traffic
1163,nomin
1164,deleg
1165,pure
1166,minor
1167,gradual
1168,keep
1169,foreseen
1170,describ
1171,gave
1172,simpl
1173,ascertain
1174,rapid
1175,invok
1176,l
1177,bovin
1178,visit
1179,urgenc
1180,wai
1181,restor
1182,subsidi
1183,secretari
1184,duplic
1185,util
1186,afford
1187,doubl
1188,decreas
1189,understood
1190,frequent
1191,norwai
1192,ix
1193,space
1194,collabor
1195,ceil
1196,clean
1197,white
1198,behaviour
1199,index
1200,settlement
1201,pollut
1202,fee
1203,represent
1204,dispatch
1205,print
1206,cancel
1207,administ
1208,mobil
1209,argu
1210,tool
1211,america
1212,consent
1213,job
1214,book
1215,strong
1216,primarili
1217,regim
1218,settl
1219,quarter
1220,fuel
1221,reciproc
1222,endors
1223,join
1224,telecommun
1225,advic
1226,hous
1227,qualif
1228,jurisdict
1229,burden
1230,dry
1231,stamp
1232,forecast
1233,prospect
1234,parallel
1235,du
1236,aggreg
1237,contractu
1238,accur
1239,extrem
1240,resolv
1241,output
1242,south
1243,feed
1244,broken
1245,der
1246,endeavour
1247,survei
1248,necessarili
1249,easili
1250,obstacl
1251,el
1252,similarli
1253,horizont
1254,dissemin
1255,strict
1256,appar
1257,requisit
1258,translat
1259,rout
1260,complex
1261,preclud
1262,heat
1263,background
1264,timet
1265,whilst
1266,sa
1267,monetari
1268,smaller
1269,forese
1270,comput
1271,sever
1272,g
1273,liechtenstein
1274,ration
1275,cash
1276,formul
1277,entrust
1278,recit
1279,atom
1280,clariti
1281,da
1282,expressli
1283,monthli
1284,bui
1285,furnish
1286,program
1287,differenti
1288,appendix
1289,sixth
1290,choos
1291,a
1292,contamin
1293,textil
1294,autonom
1295,fat
1296,home
1297,expand
1298,mutati
1299,station
1300,concess
1301,mutandi
1302,medic
1303,dealt
1304,swedish
1305,exact
1306,fine
1307,larger
1308,methodolog
1309,neglig
1310,procur
1311,ten
1312,stop
1313,st
1314,lithuania
1315,societi
1316,threat
1317,declin
1318,illeg
1319,debt
1320,forego
1321,del
1322,mission
1323,north
1324,bulk
1325,estonia
1326,fran
1327,guid
1328,preferenti
1329,fill
1330,absolut
1331,appreci
1332,offset
1333,passeng
1334,den
1335,prevail
1336,quickli
1337,multilater
1338,complement
1339,compound
1340,error
1341,aforement
1342,permiss
1343,artifici
1344,invoic
1345,abolish
1346,clearanc
1347,announc
1348,legitim
1349,encount
1350,domin
1351,grade
1352,undergo
1353,complaint
1354,acid
1355,flat
1356,occup
1357,irregular
1358,feasibl
1359,help
1360,latvia
1361,recours
1362,rapidli
1363,metal
1364,slovenia
1365,toler
1366,accid
1367,moment
1368,accuraci
1369,attend
1370,extra
1371,heavi
1372,incent
1373,switzerland
1374,thousand
1375,secondari
1376,fax
1377,alleg
1378,criterion
1379,disadvantag
1380,cypru
1381,stabl
1382,daili
1383,remark
1384,largest
1385,auditor
1386,v
1387,conflict
1388,voluntari
1389,seed
1390,judici
1391,finish
1392,machineri
1393,premium
1394,isol
1395,implic
1396,harvest
1397,variat
1398,corpor
1399,deterior
1400,utilis
1401,island
1402,ecr
1403,o
1404,insid
1405,rural
1406,visibl
1407,seal
1408,discriminatori
1409,reaction
1410,slaughter
1411,mixtur
1412,disclos
1413,reli
1414,cumul
1415,retail
1416,attempt
1417,hear
1418,ultim
1419,safe
1420,urgent
1421,top
1422,anticip
1423,medicin
1424,explan
1425,strength
1426,p
1427,constant
1428,rail
1429,die
1430,admit
1431,confin
1432,usual
1433,pari
1434,eastern
1435,intermedi
1436,count
1437,mass
1438,reform
1439,perspect
1440,coher
1441,divers
1442,block
1443,forestri
1444,exposur
1445,repay
1446,sugar
1447,parent
1448,digit
1449,mandatori
1450,statutori
1451,numer
1452,pack
1453,ban
1454,flag
1455,viabl
1456,ownership
1457,standardis
1458,simpli
1459,imped
1460,enlarg
1461,broad
1462,malta
1463,manual
1464,aquacultur
1465,caught
1466,remuner
1467,pour
1468,undergon
1469,s
1470,machin
1471,weigh
1472,compil
1473,univers
1474,innov
1475,sharehold
1476,symbol
1477,man
1478,monei
1479,hazard
1480,unanim
1481,finnish
1482,closur
1483,kilogram
1484,quantifi
1485,undu
1486,te
1487,answer
1488,constraint
1489,assumpt
1490,critic
1491,paramet
1492,smooth
1493,sens
1494,taxat
1495,licens
1496,challeng
1497,cite
1498,spirit
1499,variabl
1500,apprais
1501,east
1502,chair
1503,satisfact
1504,und
1505,tif
1506,sanction
1507,solid
1508,no
1509,xi
1510,displai
1511,constru
1512,maritim
1513,marin
1514,lowest
1515,explicitli
1516,late
1517,fibr
1518,mandat
1519,expans
1520,judg
1521,launch
1522,press
1523,waiv
1524,acced
1525,break
1526,injuri
1527,multipl
1528,season
1529,km
1530,likewis
1531,cycl
1532,egg
1533,young
1534,transform
1535,hygien
1536,britain
1537,coverag
1538,factori
1539,align
1540,oral
1541,disclosur
1542,deliber
1543,graphic
1544,counter
1545,j
1546,believ
1547,hundr
1548,branch
1549,viabil
1550,todai
1551,carriag
1552,frozen
1553,attract
1554,affix
1555,appeal
1556,efta
1557,formula
1558,readi
1559,soil
1560,complementari
1561,warrant
1562,wine
1563,imposit
1564,lost
1565,advertis
1566,suspect
1567,yield
1568,refrain
1569,lot
1570,acceler
1571,inher
1572,skill
1573,xiii
1574,repair
1575,charter
1576,stem
1577,evolut
1578,correctli
1579,orient
1580,discret
1581,freeli
1582,pig
1583,vat
1584,specimen
1585,citizen
1586,built
1587,ordinari
1588,emiss
1589,voor
1590,exampl
1591,al
1592,underli
1593,outstand
1594,iso
1595,mid
1596,membership
1597,confid
1598,eaggf
1599,media
1600,crop
1601,cm
1602,pr
1603,carrier
1604,defenc
1605,departur
1606,conven
1607,input
1608,specifi
1609,crimin
1610,semi
1611,mill
1612,film
1613,oppos
1614,ongo
1615,analyt
1616,catch
1617,match
1618,pension
1619,grand
1620,illustr
1621,fiscal
1622,accru
1623,modern
1624,seat
1625,last
1626,plastic
1627,specialis
1628,mario
1629,buyer
1630,onward
1631,upper
1632,room
1633,correl
1634,fraud
1635,turkei
1636,focu
1637,wider
1638,green
1639,reproduc
1640,piec
1641,statut
1642,coeffici
1643,salt
1644,strateg
1645,concert
1646,monti
1647,exception
1648,gmbh
1649,shape
1650,dump
1651,mail
1652,honour
1653,attest
1654,adher
1655,abus
1656,children
1657,expos
1658,og
1659,toxic
1660,investor
1661,histor
1662,expertis
1663,databas
1664,candid
1665,discount
1666,bulgaria
1667,mr
1668,climat
1669,typic
1670,closer
1671,pursuit
1672,homogen
1673,fischer
1674,biolog
1675,roll
1676,tran
1677,destruct
1678,secret
1679,swine
1680,whichev
1681,lastli
1682,detriment
1683,abnorm
1684,supervisori
1685,uk
1686,li
1687,third
1688,c
1689,remaind
1690,ey
1691,experienc
1692,yearli
1693,accommod
1694,fire
1695,resist
1696,firstli
1697,occurr
1698,k
1699,host
1700,panel
1701,portion
1702,whatsoev
1703,gear
1704,concret
1705,art
1706,undersign
1707,romania
1708,slovak
1709,addresse
1710,solv
1711,proven
1712,miner
1713,repaid
1714,minim
1715,fight
1716,segment
1717,slightli
1718,telephon
1719,signatori
1720,mode
1721,fly
1722,underlin
1723,pose
1724,pertain
1725,gatt
1726,hoc
1727,foot
1728,switch
1729,hinder
1730,suit
1731,contest
1732,abolit
1733,radio
1734,pro
1735,xii
1736,prolong
1737,memorandum
1738,nuclear
1739,powder
1740,west
1741,genuin
1742,alcohol
1743,carbon
1744,focus
1745,breed
1746,intellectu
1747,wit
1748,aircraft
1749,multipli
1750,surplu
1751,belgian
1752,violat
1753,vocat
1754,car
1755,farmer
1756,enn
1757,subdivis
1758,endang
1759,defer
1760,privileg
1761,cold
1762,bruxel
1763,stai
1764,drive
1765,cloth
1766,drop
1767,serial
1768,necessit
1769,arm
1770,constitu
1771,signal
1772,em
1773,crisi
1774,contrast
1775,trader
1776,warn
1777,certainti
1778,documentari
1779,indispens
1780,servant
1781,western
1782,boel
1783,ce
1784,salari
1785,surround
1786,consecut
1787,interfer
1788,thing
1789,fluctuat
1790,newli
1791,realist
1792,lend
1793,beef
1794,women
1795,railwai
1796,therefrom
1797,trace
1798,madrid
1799,necess
1800,erad
1801,indel
1802,session
1803,bar
1804,meant
1805,worldwid
1806,rai
1807,outlet
1808,ic
1809,vaccin
1810,foster
1811,wage
1812,billion
1813,vertic
1814,inflat
1815,stringent
1816,squar
1817,interrupt
1818,unchang
1819,lt
1820,household
1821,se
1822,subsidiar
1823,uncertainti
1824,sme
1825,destroi
1826,canada
1827,promptli
1828,unload
1829,cohes
1830,apparatu
1831,front
1832,addition
1833,revers
1834,react
1835,deni
1836,overcom
1837,impair
1838,core
1839,int
1840,neighbour
1841,internation
1842,ti
1843,inventori
1844,characteris
1845,trailer
1846,slovakia
1847,increasingli
1848,red
1849,postpon
1850,agenda
1851,poultri
1852,von
1853,minimis
1854,ingredi
1855,inland
1856,dell
1857,absorb
1858,emphasis
1859,telex
1860,leas
1861,qualit
1862,rear
1863,multi
1864,dri
1865,china
1866,h
1867,government
1868,incid
1869,marko
1870,unnecessari
1871,inadequ
1872,neutral
1873,persist
1874,ant
1875,publicli
1876,accumul
1877,realis
1878,kyprian
1879,stimul
1880,frame
1881,analog
1882,es
1883,reproduct
1884,shipment
1885,id
1886,twenti
1887,earn
1888,earliest
1889,exit
1890,cent
1891,thereon
1892,adjac
1893,mariann
1894,elect
1895,secreci
1896,virtual
1897,incorrect
1898,dialogu
1899,retent
1900,sphere
1901,sort
1902,unduli
1903,densiti
1904,random
1905,team
1906,polic
1907,obviou
1908,split
1909,ventur
1910,goal
1911,lose
1912,por
1913,sir
1914,clarif
1915,shift
1916,gap
1917,explanatori
1918,glass
1919,unfair
1920,interven
1921,gather
1922,militari
1923,equiti
1924,mine
1925,refin
1926,emphasi
1927,london
1928,commod
1929,merger
1930,martin
1931,screen
1932,drink
1933,compensatori
1934,sheep
1935,litr
1936,il
1937,stabilis
1938,probabl
1939,deviat
1940,enquiri
1941,au
1942,death
1943,second
1944,democrat
1945,uruguai
1946,zu
1947,facto
1948,lift
1949,phytosanitari
1950,decre
1951,induc
1952,fell
1953,intensifi
1954,na
1955,card
1956,commerc
1957,micro
1958,cultiv
1959,pilot
1960,nearest
1961,senior
1962,easier
1963,disciplin
1964,elaps
1965,merit
1966,drug
1967,tranship
1968,matur
1969,hellen
1970,wto
1971,freez
1972,cast
1973,simplif
1974,sg
1975,mg
1976,inject
1977,oversea
1978,omit
1979,metr
1980,presum
1981,confus
1982,feedingstuff
1983,synthet
1984,preparatori
1985,distil
1986,pa
1987,diverg
1988,disrupt
1989,urban
1990,abroad
1991,edit
1992,swiss
1993,heard
1994,ministeri
1995,disregard
1996,plate
1997,theoret
1998,trial
1999,unemploy
2000,driver
2001,citi
2002,readili
2003,complain
2004,ca
2005,br
2006,ratif
2007,fait
2008,propag
2009,japan
2010,eventu
2011,campaign
2012,tourism
2013,occasion
2014,bill
2015,enclos
2016,scienc
2017,carefulli
2018,highlight
2019,mediterranean
2020,convinc
2021,greatest
2022,intermediari
2023,outbreak
2024,depth
2025,modernis
2026,provinc
2027,men
2028,atmospher
2029,surviv
2030,patent
2031,headquart
2032,uniqu
2033,iron
2034,vital
2035,undertook
2036,incomplet
2037,coat
2038,infecti
2039,airport
2040,welcom
2041,successfulli
2042,bought
2043,welfar
2044,prompt
2045,wheel
2046,livestock
2047,consigne
2048,repai
2049,municip
2050,distributor
2051,track
2052,infect
2053,british
2054,easi
2055,phrase
2056,denomin
2057,width
2058,school
2059,unlaw
2060,diamet
2061,wholesal
2062,specialist
2063,rescu
2064,spare
2065,precautionari
2066,wind
2067,elabor
2068,dossier
2069,inspector
2070,outset
2071,communaut
2072,exhibit
2073,satisfactorili
2074,ch
2075,wash
2076,began
2077,occupi
2078,bird
2079,wood
2080,recruit
2081,cfsp
2082,postal
2083,minu
2084,summaris
2085,realiz
2086,chanc
2087,rue
2088,master
2089,skin
2090,poor
2091,abandon
2092,unus
2093,immun
2094,questionnair
2095,weak
2096,subhead
2097,foundat
2098,san
2099,thick
2100,nutrit
2101,accomplish
2102,layer
2103,det
2104,majeur
2105,routin
2106,invalid
2107,legibl
2108,comunidad
2109,africa
2110,meantim
2111,heritag
2112,liber
2113,hot
2114,inconsist
2115,unjustifi
2116,sake
2117,interchang
2118,hire
2119,fraction
2120,softwar
2121,rice
2122,nr
2123,wild
2124,crucial
2125,seq
2126,american
2127,opposit
2128,tend
2129,tradition
2130,recycl
2131,europes
2132,sulphur
2133,learn
2134,circuit
2135,oxid
2136,warehous
2137,genet
2138,converg
2139,dispar
2140,pictur
2141,polish
2142,internet
2143,experiment
2144,ep
2145,fabric
2146,geschehen
2147,bracket
2148,mil
2149,tank
2150,relief
2151,african
2152,pharmaceut
2153,dynam
2154,slight
2155,valuat
2156,grown
2157,brand
2158,discontinu
2159,worth
2160,filter
2161,confeder
2162,gedaan
2163,dose
2164,depriv
2165,protein
2166,undermin
2167,mac
2168,emphas
2169,magnitud
2170,seller
2171,spent
2172,batch
2173,floor
2174,deficit
2175,visual
2176,unilater
2177,remot
2178,eurostat
2179,goat
2180,extraordinari
2181,mollusc
2182,transpos
2183,dk
2184,graviti
2185,monopoli
2186,peter
2187,depreci
2188,fatto
2189,comunit
2190,solvent
2191,upgrad
2192,bid
2193,bottl
2194,realiti
2195,ancillari
2196,freight
2197,multiannu
2198,pool
2199,explicit
2200,affirm
2201,rio
2202,twentieth
2203,liberalis
2204,tissu
2205,liaison
2206,udf
2207,explor
2208,messag
2209,do
2210,overlap
2211,disappear
2212,interact
2213,introductori
2214,bond
2215,birth
2216,predict
2217,disast
2218,discov
2219,isk
2220,dg
2221,dispens
2222,inquiri
2223,clinic
2224,hard
2225,europea
2226,pursuanc
2227,cours
2228,ne
2229,forum
2230,reaffirm
2231,crew
2232,benefici
2233,retir
2234,fr
2235,twelv
2236,conting
2237,strip
2238,ratifi
2239,resal
2240,devot
2241,tube
2242,profil
2243,minimi
2244,edg
2245,modal
2246,optimum
2247,creditor
2248,likelihood
2249,carcas
2250,middl
2251,viru
2252,computeris
2253,gr
2254,seminar
2255,lo
2256,som
2257,bi
2258,gase
2259,mount
2260,district
2261,coincid
2262,veal
2263,assert
2264,remind
2265,commonli
2266,miert
2267,absorpt
2268,contractor
2269,journei
2270,disproportion
2271,shop
2272,karel
2273,height
2274,player
2275,suscept
2276,bag
2277,rectifi
2278,revok
2279,driven
2280,leader
2281,westerlund
2282,inappropri
2283,ph
2284,unaccept
2285,ba
2286,trust
2287,precaut
2288,ecolog
2289,client
2290,harmoni
2291,offenc
2292,defect
2293,bangemann
2294,dioxid
2295,suppos
2296,refriger
2297,ren
2298,sodium
2299,diplomat
2300,scrutini
2301,lesser
2302,amsterdam
2303,workforc
2304,wheat
2305,subscrib
2306,wall
2307,search
2308,frankfurt
2309,fals
2310,waterwai
2311,craft
2312,park
2313,bottom
2314,strongli
2315,grain
2316,opt
2317,disinfect
2318,fewer
2319,sharri
2320,nitrogen
2321,eib
2322,cell
2323,felt
2324,rdiget
2325,compromis
2326,imbal
2327,chamber
2328,arbitr
2329,fairli
2330,petroleum
2331,transposit
2332,imag
2333,usa
2334,epidemiolog
2335,cool
2336,europeia
2337,consensu
2338,pp
2339,coast
2340,black
2341,della
2342,b
2343,rationalis
2344,recept
2345,rank
2346,oecd
2347,sick
2348,borrow
2349,mislead
2350,flight
2351,macedonia
2352,motiv
2353,andriessen
2354,accessori
2355,hecho
2356,miss
2357,http
2358,coupl
2359,mitig
2360,fleet
2361,finalis
2362,acp
2363,pathogen
2364,tel
2365,si
2366,empti
2367,chill
2368,cargo
2369,logic
2370,auxiliari
2371,defend
2372,feito
2373,prime
2374,puriti
2375,coastal
2376,pesticid
2377,deep
2378,shorter
2379,retroact
2380,rent
2381,irish
2382,slow
2383,constantli
2384,bv
2385,penetr
2386,referr
2387,croatia
2388,calibr
2389,denounc
2390,satellit
2391,oliv
2392,inevit
2393,nut
2394,unlik
2395,quarterli
2396,shortag
2397,discrep
2398,whereof
2399,audiovisu
2400,tr
2401,radioact
2402,boundari
2403,subsist
2404,photograph
2405,reconstruct
2406,dismantl
2407,accredit
2408,bankruptci
2409,tonnag
2410,profess
2411,cotton
2412,televis
2413,websit
2414,llesskab
2415,slaughterhous
2416,exert
2417,russian
2418,nl
2419,e
2420,gram
2421,defici
2422,unlimit
2423,paint
2424,maiz
2425,stake
2426,reliev
2427,combust
2428,jeopard
2429,af
2430,dispers
2431,factual
2432,dilut
2433,aluminium
2434,horticultur
2435,histori
2436,street
2437,navig
2438,miscellan
2439,estat
2440,rotat
2441,mere
2442,rata
2443,espa
2444,berlin
2445,plenipotentiari
2446,vulner
2447,diversif
2448,potato
2449,credibl
2450,radiat
2451,grape
2452,yugoslav
2453,unlawfulli
2454,cabl
2455,spite
2456,narrow
2457,willing
2458,root
2459,scenario
2460,par
2461,passag
2462,acqui
2463,equit
2464,aa
2465,zootechn
2466,substant
2467,smoke
2468,band
2469,jeopardis
2470,logist
2471,i
2472,sequenc
2473,scrap
2474,stockholm
2475,map
2476,pulp
2477,wire
2478,applianc
2479,spring
2480,atlant
2481,roughli
2482,await
2483,retrospect
2484,rose
2485,preambl
2486,steer
2487,practis
2488,rebat
2489,optim
2490,initial
2491,speak
2492,mouth
2493,inapplic
2494,therewith
2495,veterinarian
2496,bridg
2497,upward
2498,sp
2499,pipe
2500,crime
2501,austrian
2502,erdf
2503,pigmeat
2504,bureau
2505,geneva
2506,socio
2507,town
2508,straight
2509,interconnect
2510,fallen
2511,vingt
2512,aquat
2513,outer
2514,russia
2515,hectar
2516,broadli
2517,door
2518,xx
2519,idea
2520,duchi
2521,dairi
2522,blood
2523,broadcast
2524,spa
2525,india
2526,archiv
2527,child
2528,handicap
2529,diminish
2530,obligatori
2531,kilometr
2532,ahead
2533,av
2534,aviat
2535,game
2536,peak
2537,merg
2538,pl
2539,xvi
2540,sharp
2541,blue
2542,australia
2543,sport
2544,strasbourg
2545,southern
2546,earth
2547,cf
2548,therefor
2549,europa
2550,xv
2551,eas
2552,peac
2553,rome
2554,wait
2555,notion
2556,cap
2557,pertin
2558,optic
2559,sanitari
2560,eighth
2561,reiter
2562,ink
2563,steichen
2564,chlorid
2565,hamper
2566,contradict
2567,contempl
2568,copenhagen
2569,pela
2570,til
2571,processor
2572,angl
2573,tractor
2574,strain
2575,xiv
2576,helsinki
2577,cope
2578,dealer
2579,dust
2580,publiqu
2581,tribun
2582,crude
2583,catalogu
2584,abbrevi
2585,tobacco
2586,modul
2587,ssel
2588,overcapac
2589,workshop
2590,subdivid
2591,rare
2592,superior
2593,durabl
2594,fodder
2595,lie
2596,thermal
2597,friendli
2598,faith
2599,nineti
2600,op
2601,royal
2602,puolesta
2603,privatis
2604,ventil
2605,shortcom
2606,unfavour
2607,row
2608,gaseou
2609,meal
2610,moistur
2611,downstream
2612,forest
2613,diagnost
2614,platform
2615,neuf
2616,usag
2617,subsidis
2618,che
2619,devis
2620,void
2621,fragment
2622,shell
2623,classic
2624,fashion
2625,nois
2626,gemeenschap
2627,nonetheless
2628,compel
2629,dublin
2630,resort
2631,allevi
2632,concili
2633,fever
2634,countervail
2635,pump
2636,ml
2637,advoc
2638,shortli
2639,outward
2640,leon
2641,brazil
2642,dedic
2643,omiss
2644,ring
2645,enact
2646,command
2647,explos
2648,chees
2649,widen
2650,weather
2651,begun
2652,euroopan
2653,wrongli
2654,dem
2655,topic
2656,reput
2657,beverag
2658,encompass
2659,adult
2660,bone
2661,saint
2662,europeiska
2663,broader
2664,irrelev
2665,quatr
2666,character
2667,dismiss
2668,alongsid
2669,incumb
2670,excis
2671,attitud
2672,po
2673,intention
2674,aforesaid
2675,versa
2676,arab
2677,disabl
2678,schengen
2679,signifi
2680,holidai
2681,dual
2682,plane
2683,war
2684,spend
2685,compress
2686,taric
2687,vienna
2688,obstruct
2689,annum
2690,herd
2691,ovin
2692,tyre
2693,forthcom
2694,yugoslavia
2695,autonomi
2696,cattl
2697,het
2698,bivalv
2699,lisbon
2700,gdp
2701,diversifi
2702,visa
2703,ro
2704,complementar
2705,ab
2706,ar
2707,successor
2708,blank
2709,movabl
2710,overview
2711,yellow
2712,immov
2713,ef
2714,marker
2715,autom
2716,bosnia
2717,poultrymeat
2718,embryo
2719,circular
2720,michel
2721,lock
2722,dissolv
2723,dr
2724,fi
2725,decim
2726,aggrav
2727,flower
2728,evolv
2729,greatli
2730,disburs
2731,degrad
2732,tree
2733,ja
2734,tackl
2735,tehti
2736,rev
2737,insolv
2738,sovereignti
2739,insist
2740,asia
2741,thirdli
2742,repeatedli
2743,decentralis
2744,hydrocarbon
2745,ff
2746,herzegovina
2747,copyright
2748,cox
2749,deutschland
2750,ill
2751,arisen
2752,gemeinschaft
2753,vacuum
2754,trigger
2755,intak
2756,soci
2757,valuabl
2758,interfac
2759,dm
2760,allegedli
2761,tow
2762,treasuri
2763,hors
2764,volatil
2765,cr
2766,rental
2767,nitten
2768,synergi
2769,soft
2770,har
2771,impress
2772,hitherto
2773,unknown
2774,yhteis
2775,er
2776,lifetim
2777,comm
2778,weekli
2779,liikanen
2780,chief
2781,subsid
2782,withheld
2783,hospit
2784,uniformli
2785,hundred
2786,hungarian
2787,judgement
2788,misus
2789,interior
2790,erkki
2791,lump
2792,steam
2793,tangibl
2794,ta
2795,mountain
2796,costli
2797,starch
2798,microbiolog
2799,rapporteur
2800,isch
2801,summer
2802,counterpart
2803,sex
2804,cessat
2805,reorganis
2806,tendenc
2807,river
2808,acet
2809,ais
2810,ci
2811,methyl
2812,caprin
2813,avenu
2814,male
2815,fin
2816,glement
2817,undesir
2818,norm
2819,radiu
2820,heavili
2821,hybrid
2822,layout
2823,waiver
2824,albania
2825,arbitrari
2826,fast
2827,bed
2828,dan
2829,forfeit
2830,domain
2831,drew
2832,till
2833,thailand
2834,korea
2835,barbaso
2836,semen
2837,accident
2838,configur
2839,depress
2840,hs
2841,morocco
2842,affili
2843,window
2844,est
2845,passport
2846,bull
2847,alloi
2848,insignific
2849,sur
2850,democraci
2851,chargeabl
2852,auspic
2853,israel
2854,rigid
2855,beet
2856,fluid
2857,stream
2858,prosecut
2859,repercuss
2860,complic
2861,unreason
2862,insul
2863,merchant
2864,vuonna
2865,assent
2866,resum
2867,artist
2868,cif
2869,im
2870,pipelin
2871,unsuit
2872,imper
2873,restraint
2874,discourag
2875,acut
2876,conveni
2877,presumpt
2878,intellig
2879,national
2880,pt
2881,indefinit
2882,vol
2883,appendic
2884,laps
2885,default
2886,proxim
2887,aros
2888,wool
2889,hydrogen
2890,dissuas
2891,muscl
2892,esf
2893,zealand
2894,za
2895,excel
2896,unsatisfactori
2897,circumv
2898,cook
2899,redund
2900,rep
2901,teach
2902,brown
2903,promis
2904,flavour
2905,verordnung
2906,nn
2907,stricter
2908,argentina
2909,bruxela
2910,brusela
2911,anhang
2912,youth
2913,citru
2914,partit
2915,ni
2916,copper
2917,orderli
2918,circumvent
2919,rat
2920,trip
2921,succeed
2922,allegato
2923,canari
2924,negentienhonderd
2925,hope
2926,healthi
2927,reglamento
2928,bilag
2929,fraudul
2930,bijlag
2931,blica
2932,liver
2933,viral
2934,perceiv
2935,fl
2936,serious
2937,tranch
2938,migrant
2939,lamp
2940,happen
2941,ambient
2942,linguist
2943,predominantli
2944,optimis
2945,bad
2946,cedex
2947,deputi
2948,fear
2949,brochur
2950,immigr
2951,evidenc
2952,honei
2953,prudent
2954,ignit
2955,calcium
2956,precondit
2957,tourist
2958,benelux
2959,smallest
2960,disagr
2961,fed
2962,steadi
2963,manifest
2964,albeit
2965,emit
2966,downward
2967,annul
2968,lubric
2969,gnar
2970,earmark
2971,weaken
2972,convei
2973,regulamento
2974,gemenskapen
2975,irrevoc
2976,butter
2977,slide
2978,oxygen
2979,fatten
2980,debat
2981,repubblica
2982,wareh
2983,proprietari
2984,ethyl
2985,circl
2986,fertil
2987,deutsch
2988,valorem
2989,static
2990,ol
2991,adhes
2992,cyclic
2993,migrat
2994,actor
2995,diploma
2996,displac
2997,theft
2998,ip
2999,donor
3000,utmost
3001,luggag
3002,curv
3003,overhead
3004,tenth
3005,unpaid
3006,deploi
3007,continent
3008,orang
3009,impur
3010,linear
3011,hotel
3012,yarn
3013,barcelona
3014,edibl
3015,bu
3016,ma
3017,chines
3018,diesel
3019,forordn
3020,ukrain
3021,maxim
3022,england
3023,hatch
3024,cosmet
3025,path
3026,summar
3027,kidnei
3028,cheaper
3029,portfolio
3030,wrong
3031,york
3032,suspicion
3033,brake
3034,taxabl
3035,widest
3036,feel
3037,potassium
3038,inorgan
3039,skedd
3040,regolamento
3041,specul
3042,reconsid
3043,upstream
3044,cater
3045,maximis
3046,adequaci
3047,quotat
3048,student
3049,purif
3050,magnet
3051,illicit
3052,sec
3053,buffer
3054,toxicolog
3055,wear
3056,immin
3057,vicin
3058,anexo
3059,urg
3060,pelo
3061,forg
3062,wet
3063,incident
3064,rehabilit
3065,moder
3066,z
3067,want
3068,ont
3069,simul
3070,cream
3071,subcontract
3072,theori
3073,tight
3074,particl
3075,sent
3076,femal
3077,unusu
3078,rubber
3079,noveciento
3080,reconcil
3081,conceiv
3082,strike
3083,verorden
3084,tunisia
3085,behav
3086,decad
3087,pan
3088,consignor
3089,apport
3090,madeira
3091,ia
3092,dead
3093,novecento
3094,phare
3095,contend
3096,egypt
3097,mexico
3098,ai
3099,nv
3100,unauthoris
3101,intrins
3102,nb
3103,ha
3104,alert
3105,concurr
3106,underemploy
3107,uncertain
3108,tension
3109,ton
3110,widespread
3111,offal
3112,remit
3113,absent
3114,traffick
3115,min
3116,vast
3117,hair
3118,entrant
3119,pet
3120,xvii
3121,para
3122,escap
3123,dividend
3124,conduc
3125,belt
3126,aqueou
3127,conseil
3128,prerequisit
3129,embodi
3130,diagnosi
3131,customari
3132,unrel
3133,fao
3134,imparti
3135,nder
3136,equilibrium
3137,undercut
3138,xxi
3139,autumn
3140,sharpli
3141,ferment
3142,cylind
3143,interinstitut
3144,macroeconom
3145,freezer
3146,danmark
3147,axi
3148,loi
3149,flask
3150,leaflet
3151,graduat
3152,roma
3153,mi
3154,ordin
3155,parliamentari
3156,sail
3157,pest
3158,antibiot
3159,cow
3160,transnat
3161,leg
3162,italiana
3163,ss
3164,withhold
3165,prejudici
3166,comp
3167,grate
3168,italia
3169,produit
3170,uni
3171,debtor
3172,ova
3173,drain
3174,kill
3175,stronger
3176,motion
3177,seiz
3178,flora
3179,log
3180,boost
3181,zinc
3182,agri
3183,barlei
3184,athen
3185,suffic
3186,phosphat
3187,ocean
3188,juic
3189,computer
3190,sk
3191,frederik
3192,disciplinari
3193,subscript
3194,dit
3195,disguis
3196,standpoint
3197,depositari
3198,interoper
3199,fasten
3200,dies
3201,longitudin
3202,prima
3203,irrevers
3204,meter
3205,bolkestein
3206,commission
3207,ecb
3208,aromat
3209,suppress
3210,hectolitr
3211,equida
3212,brittan
3213,deux
3214,stone
3215,vine
3216,www
3217,filament
3218,reus
3219,roof
3220,attack
3221,satur
3222,airlin
3223,bred
3224,discoveri
3225,phenomenon
3226,diffus
3227,boil
3228,mercuri
3229,indonesia
3230,cd
3231,ester
3232,reagent
3233,serbia
3234,ecosystem
3235,posteriori
3236,humid
3237,fold
3238,ammonium
3239,prescript
3240,append
3241,inelig
3242,wound
3243,spectrum
3244,med
3245,genu
3246,architectur
3247,diagram
3248,drawback
3249,or
3250,mould
3251,tomato
3252,estonian
3253,underpin
3254,bonn
3255,big
3256,solidar
3257,pacif
3258,codif
3259,penal
3260,unprocess
3261,woven
3262,contraven
3263,thought
3264,shorten
3265,multin
3266,lit
3267,envelop
3268,voltag
3269,bean
3270,mar
3271,redress
3272,reassess
3273,irl
3274,inaccur
3275,percept
3276,tip
3277,embark
3278,launder
3279,mortal
3280,straw
3281,enrich
3282,mobilis
3283,pace
3284,organolept
3285,republik
3286,meaning
3287,cen
3288,vest
3289,inhabit
3290,lieu
3291,ou
3292,xviii
3293,aggress
3294,perfectli
3295,refinanc
3296,bee
3297,causal
3298,hydraul
3299,maker
3300,broaden
3301,withdrew
3302,predomin
3303,gold
3304,jean
3305,rordn
3306,boat
3307,ignor
3308,plc
3309,lithuanian
3310,ornament
3311,peculiar
3312,unforeseen
3313,asterisk
3314,carcinogen
3315,video
3316,och
3317,rale
3318,victim
3319,tast
3320,belgiqu
3321,analogu
3322,moral
3323,silver
3324,fauna
3325,sweet
3326,realloc
3327,viewpoint
3328,counti
3329,humanitarian
3330,nikolau
3331,consortium
3332,lake
3333,w
3334,vapour
3335,chart
3336,latvian
3337,sulphat
3338,oi
3339,montenegro
3340,corros
3341,fault
3342,barnier
3343,spous
3344,tamper
3345,os
3346,chronolog
3347,mortgag
3348,recurr
3349,corrigendum
3350,equat
3351,bern
3352,azor
3353,spp
3354,prinz
3355,tailor
3356,doctor
3357,can
3358,workplac
3359,guinea
3360,richard
3361,debit
3362,restaur
3363,burn
3364,firmli
3365,takeov
3366,rigor
3367,benchmark
3368,serolog
3369,biggest
3370,dress
3371,older
3372,bilaga
3373,batteri
3374,beam
3375,pharmacolog
3376,su
3377,closest
3378,compart
3379,mesh
3380,foi
3381,fullest
3382,passiv
3383,consciou
3384,inciner
3385,enzym
3386,mile
3387,noventa
3388,nederland
3389,sow
3390,abid
3391,catalyst
3392,doc
3393,intergovernment
3394,bryssel
3395,chile
3396,effluent
3397,sweeten
3398,reward
3399,winter
3400,inhibit
3401,avian
3402,us
3403,faci
3404,rh
3405,flock
3406,encephalopathi
3407,pact
3408,trademark
3409,essenc
3410,contravent
3411,anonym
3412,ninth
3413,solubl
3414,infant
3415,sch
3416,ao
3417,resign
3418,efficaci
3419,hunt
3420,repetit
3421,captur
3422,all
3423,cod
3424,tin
3425,radic
3426,kw
3427,hong
3428,centralis
3429,sprai
3430,symptom
3431,spongiform
3432,weapon
3433,rod
3434,nitrat
3435,laden
3436,usabl
3437,exterior
3438,familiar
3439,chiefli
3440,flax
3441,rhine
3442,hamburg
3443,stakehold
3444,subcontractor
3445,brysseliss
3446,manipul
3447,be
3448,steadili
3449,influenza
3450,reorgan
3451,kong
3452,talk
3453,porcin
3454,variant
3455,tier
3456,web
3457,hl
3458,crack
3459,bfr
3460,xxiv
3461,overrid
3462,intang
3463,sudden
3464,lag
3465,grave
3466,eco
3467,fe
3468,unavoid
3469,japanes
3470,plot
3471,upheld
3472,infer
3473,malaysia
3474,lorri
3475,recreat
3476,rgen
3477,ee
3478,bb
3479,dye
3480,commensur
3481,shortfal
3482,worst
3483,hemp
3484,socialist
3485,dictat
3486,portabl
3487,petrol
3488,trim
3489,placement
3490,shipbuild
3491,electromagnet
3492,fontain
3493,intact
3494,christian
3495,cee
3496,presuppos
3497,wrap
3498,span
3499,liit
3500,mirror
3501,falsif
3502,carcass
3503,manifestli
3504,arithmet
3505,europol
3506,costa
3507,grower
3508,provinci
3509,dei
3510,esp
3511,race
3512,tuna
3513,rabbit
3514,voic
3515,increment
3516,resel
3517,restrain
3518,parcel
3519,rough
3520,tap
3521,ash
3522,voluntarili
3523,teacher
3524,scotland
3525,gb
3526,tour
3527,denunci
3528,overpaid
3529,esa
3530,manageri
3531,singapor
3532,unclear
3533,tantamount
3534,baltic
3535,counterfeit
3536,propel
3537,discretionari
3538,valv
3539,capita
3540,ral
3541,greenland
3542,civilian
3543,detach
3544,viscos
3545,further
3546,crush
3547,mai
3548,washington
3549,con
3550,push
3551,millimetr
3552,basin
3553,perpendicular
3554,withstand
3555,subtract
3556,taiwan
3557,collaps
3558,unter
3559,delimit
3560,gaug
3561,night
3562,appel
3563,lawfulli
3564,mother
3565,null
3566,hill
3567,shipown
3568,tape
3569,ensu
3570,skim
3571,tre
3572,fatti
3573,pair
3574,pascal
3575,gouvern
3576,saxoni
3577,quick
3578,banana
3579,alkalin
3580,santa
3581,surplus
3582,printer
3583,axl
3584,subordin
3585,terminolog
3586,discard
3587,float
3588,entertain
3589,furnitur
3590,sovereign
3591,beta
3592,fertilis
3593,manoeuvr
3594,assessor
3595,spin
3596,soviet
3597,decor
3598,om
3599,pick
3600,altogeth
3601,inadmiss
3602,wrote
3603,bin
3604,watch
3605,lactat
3606,tt
3607,eman
3608,ideal
3609,divert
3610,warm
3611,oven
3612,az
3613,stationari
3614,palacio
3615,tv
3616,rieur
3617,weld
3618,sand
3619,schmidhub
3620,nacion
3621,evapor
3622,belgi
3623,traceabl
3624,evas
3625,thirti
3626,timescal
3627,modest
3628,unambigu
3629,lid
3630,hop
3631,deflect
3632,lawyer
3633,worsen
3634,cane
3635,algeria
3636,ir
3637,segreg
3638,edf
3639,stainless
3640,ms
3641,sein
3642,furnac
3643,underground
3644,polypropylen
3645,spontan
3646,condens
3647,cancer
3648,offend
3649,sheepmeat
3650,win
3651,unfit
3652,alpha
3653,thin
3654,loos
3655,appl
3656,sterreich
3657,regret
3658,unforese
3659,polyest
3660,ra
3661,swift
3662,ether
3663,audio
3664,hypothet
3665,me
3666,codifi
3667,reimport
3668,metric
3669,bp
3670,anomali
3671,preval
3672,allot
3673,improp
3674,deplet
3675,corrupt
3676,dietari
3677,vigor
3678,voyag
3679,therapeut
3680,constrain
3681,ac
3682,bulb
3683,stapl
3684,bulletin
3685,isl
3686,unemploi
3687,enshrin
3688,flour
3689,renegoti
3690,counteract
3691,holmquist
3692,unrestrict
3693,bath
3694,hen
3695,prejudg
3696,ek
3697,shut
3698,ru
3699,henceforth
3700,petit
3701,look
3702,confront
3703,organiz
3704,bargain
3705,camp
3706,poverti
3707,slovenian
3708,consular
3709,pakistan
3710,newspap
3711,shield
3712,guard
3713,rich
3714,leur
3715,cl
3716,gender
3717,entranc
3718,coke
3719,perish
3720,uncondit
3721,sight
3722,promin
3723,reconstitut
3724,touch
3725,subcommitte
3726,auf
3727,ago
3728,th
3729,belaru
3730,plausibl
3731,predetermin
3732,nm
3733,bankrupt
3734,logo
3735,dix
3736,airspac
3737,usd
3738,relax
3739,nice
3740,blend
3741,hr
3742,latin
3743,refuge
3744,vibrat
3745,ethic
3746,syrup
3747,latitud
3748,registri
3749,elast
3750,dark
3751,deze
3752,resin
3753,publicis
3754,molecular
3755,narcot
3756,marino
3757,degli
3758,lom
3759,reactor
3760,interdepend
3761,sucros
3762,zur
3763,jha
3764,drainag
3765,forbidden
3766,quarantin
3767,dollar
3768,neck
3769,epizoot
3770,unsuccess
3771,polym
3772,theme
3773,revoc
3774,ticket
3775,rt
3776,wale
3777,xavier
3778,faster
3779,ischen
3780,injur
3781,precipit
3782,hannsson
3783,fishermen
3784,up
3785,interview
3786,tail
3787,undoubtedli
3788,iia
3789,raad
3790,kjartan
3791,num
3792,mauritiu
3793,extrapol
3794,ethanol
3795,royalti
3796,outweigh
3797,physiolog
3798,terrestri
3799,risen
3800,babi
3801,roch
3802,ller
3803,slip
3804,mental
3805,wien
3806,pe
3807,expedit
3808,drastic
3809,vint
3810,psychotrop
3811,transboundari
3812,governor
3813,academ
3814,enumer
3815,hide
3816,issuanc
3817,unexpect
3818,inabl
3819,succe
3820,fora
3821,reger
3822,vision
3823,remiss
3824,consiglio
3825,halt
3826,flood
3827,grid
3828,carlo
3829,dissolut
3830,wallstr
3831,belg
3832,lamb
3833,hydroxid
3834,steril
3835,ortoli
3836,macro
3837,retrain
3838,ge
3839,disc
3840,cc
3841,utf
3842,lisboa
3843,underestim
3844,patient
3845,scriven
3846,unaffect
3847,asian
3848,diet
3849,margot
3850,fifteen
3851,newcastl
3852,solb
3853,evenli
3854,onder
3855,punish
3856,doi
3857,outermost
3858,literatur
3859,grass
3860,tunnel
3861,melilla
3862,liner
3863,habitat
3864,dc
3865,livr
3866,truck
3867,stood
3868,soussign
3869,rumin
3870,pronounc
3871,equin
3872,verbal
3873,nil
3874,lami
3875,grind
3876,cp
3877,rye
3878,coil
3879,peripher
3880,loyola
3881,cadmium
3882,shelf
3883,sit
3884,scientist
3885,deter
3886,peel
3887,societ
3888,fa
3889,incub
3890,aux
3891,bundesrepublik
3892,purifi
3893,matern
3894,ferri
3895,hagu
3896,shock
3897,expediti
3898,ve
3899,hull
3900,oder
3901,ceuta
3902,geral
3903,leaf
3904,divulg
3905,handteken
3906,goatmeat
3907,fo
3908,neutralis
3909,drill
3910,denn
3911,milan
3912,producto
3913,tuber
3914,outlook
3915,eb
3916,landscap
3917,arrear
3918,ambassador
3919,dramat
3920,imput
3921,mathemat
3922,ozon
3923,extinguish
3924,motorwai
3925,custodi
3926,indian
3927,sophist
3928,bore
3929,ceram
3930,cement
3931,chronic
3932,foil
3933,domicil
3934,style
3935,lengthi
3936,gi
3937,chequ
3938,hardwar
3939,handwritten
3940,son
3941,compact
3942,penalis
3943,foremost
3944,magnesium
3945,fede
3946,phenomena
3947,deploy
3948,rs
3949,literari
3950,inclin
3951,button
3952,uniti
3953,max
3954,overse
3955,sz
3956,asetu
3957,shed
3958,inactiv
3959,abstract
3960,harbour
3961,recur
3962,eros
3963,decommiss
3964,contagi
3965,chassi
3966,unifi
3967,renov
3968,leather
3969,ae
3970,leisur
3971,lv
3972,supersed
3973,narrowli
3974,sift
3975,regierung
3976,haut
3977,overrun
3978,adduc
3979,reloc
3980,pedro
3981,nautic
3982,georgia
3983,melt
3984,tanker
3985,jordan
3986,alik
3987,impedi
3988,star
3989,told
3990,international
3991,hole
3992,prejud
3993,unauthor
3994,flame
3995,ber
3996,bodywork
3997,implicit
3998,rins
3999,insect
4000,habit
4001,shore
4002,antibodi
4003,traine
4004,evad
4005,crustacean
4006,denot
4007,pound
4008,defrai
4009,chlorin
4010,indigen
4011,deterg
4012,wors
4013,strive
4014,um
4015,coach
4016,bundl
4017,bai
4018,illumin
4019,ferrou
4020,auction
4021,guarantor
4022,huge
4023,recover
4024,sewag
4025,governo
4026,quantif
4027,agro
4028,amplifi
4029,habitu
4030,ewg
4031,hebben
4032,conceal
4033,va
4034,budapest
4035,canadian
4036,gem
4037,ll
4038,nord
4039,bacteria
4040,bl
4041,plain
4042,tuberculosi
4043,oat
4044,asylum
4045,tighten
4046,fob
4047,rica
4048,sc
4049,ly
4050,practition
4051,staf
4052,ib
4053,swap
4054,herewith
4055,automobil
4056,pont
4057,quo
4058,europe
4059,pear
4060,porto
4061,malt
4062,kosovo
4063,inert
4064,peroxid
4065,trap
4066,recalcul
4067,re
4068,metrolog
4069,disagre
4070,heart
4071,comfort
4072,cat
4073,brush
4074,prudenti
4075,durum
4076,twelfth
4077,contr
4078,median
4079,tat
4080,erm
4081,banqu
4082,rock
4083,wright
4084,obsolet
4085,unprofit
4086,grace
4087,valencia
4088,rotterdam
4089,rectangl
4090,philippin
4091,precursor
4092,shortest
4093,aerosol
4094,artikel
4095,phenol
4096,sexual
4097,truste
4098,divest
4099,congo
4100,cartel
4101,recast
4102,haben
4103,renounc
4104,tar
4105,cape
4106,caribbean
4107,knew
4108,cake
4109,mont
4110,slowli
4111,glucos
4112,silicon
4113,triplic
4114,pillar
4115,corner
4116,lade
4117,mira
4118,vietnam
4119,garden
4120,condition
4121,pb
4122,quoi
4123,later
4124,correspondingli
4125,nace
4126,bleach
4127,slope
4128,sponsor
4129,thereund
4130,prolifer
4131,residenti
4132,nickel
4133,distant
4134,redistribut
4135,telephoni
4136,crystal
4137,corn
4138,garment
4139,lu
4140,persuad
4141,club
4142,contin
4143,luxemburg
4144,alla
4145,toi
4146,biotechnolog
4147,jacqu
4148,an
4149,hereund
4150,waarvan
4151,privaci
4152,ambiti
4153,sl
4154,ran
4155,taxpay
4156,mt
4157,silk
4158,mainland
4159,haemorrhag
4160,cellulos
4161,comb
4162,rational
4163,priori
4164,liberti
4165,stra
4166,ion
4167,particul
4168,captiv
4169,borrel
4170,career
4171,estado
4172,dessen
4173,retard
4174,toepass
4175,denatur
4176,rib
4177,inadequaci
4178,deterr
4179,cork
4180,wagon
4181,propuls
4182,mit
4183,royaum
4184,resold
4185,mondai
4186,html
4187,ihr
4188,mistak
4189,ppm
4190,colleg
4191,collat
4192,descend
4193,husk
4194,guilloch
4195,produkt
4196,var
4197,ist
4198,instituto
4199,canal
4200,soya
4201,belief
4202,ware
4203,intersect
4204,new
4205,hall
4206,andorra
4207,membran
4208,nd
4209,oner
4210,socioeconom
4211,unif
4212,ed
4213,at
4214,zimbabw
4215,glue
4216,polyamid
4217,rom
4218,calv
4219,strand
4220,gemeinschaften
4221,gastropod
4222,cabinet
4223,gobierno
4224,slot
4225,assinado
4226,peru
4227,beer
4228,abaixo
4229,fare
4230,liqueur
4231,thread
4232,hit
4233,mo
4234,rotari
4235,postbu
4236,codex
4237,bo
4238,mammal
4239,finn
4240,parasit
4241,lesson
4242,alphabet
4243,degress
4244,lime
4245,portuguesa
4246,urkund
4247,unladen
4248,coars
4249,reload
4250,inscript
4251,hun
4252,bio
4253,nsataayhdeks
4254,nkymment
4255,cocoa
4256,hanno
4257,pigment
4258,leak
4259,deduc
4260,glaze
4261,pierr
4262,uninterrupt
4263,blijk
4264,jute
4265,thursdai
4266,greenhous
4267,fontel
4268,itl
4269,alarm
4270,gemeenschappen
4271,pellet
4272,summit
4273,vector
4274,percent
4275,librari
4276,ger
4277,scrutin
4278,disposit
4279,timber
4280,sandwich
4281,heraf
4282,briefli
4283,db
4284,philip
4285,virgin
4286,unterzeichneten
4287,loyalti
4288,polyethylen
4289,sterl
4290,ear
4291,attenu
4292,loop
4293,reconcili
4294,undertegned
4295,markedli
4296,filtrat
4297,coin
4298,jet
4299,devolv
4300,tusind
4301,brucellosi
4302,reservoir
4303,imo
4304,technician
4305,bidder
4306,decant
4307,liquefi
4308,hypothesi
4309,fra
4310,catchment
4311,necrosi
4312,renumb
4313,demograph
4314,eller
4315,phosphoru
4316,sottoscritti
4317,tuhatyhdeks
4318,coconut
4319,underskrevet
4320,odour
4321,irradi
4322,kit
4323,kenya
4324,reluct
4325,chip
4326,tent
4327,seizur
4328,bundesanstalt
4329,baselin
4330,abstain
4331,colombia
4332,binder
4333,breeder
4334,dish
4335,verac
4336,tea
4337,duch
4338,ho
4339,dilig
4340,reactiv
4341,phone
4342,notari
4343,immers
4344,pneumat
4345,poul
4346,congest
4347,sardinia
4348,recess
4349,hereof
4350,koninkrijk
4351,massiv
4352,etsi
4353,overestim
4354,graph
4355,dog
4356,general
4357,madagascar
4358,plasma
4359,implicitli
4360,ammonia
4361,gazett
4362,gel
4363,merchandis
4364,wax
4365,tag
4366,gbp
4367,virus
4368,king
4369,counsel
4370,dat
4371,direcci
4372,symmetr
4373,ministerio
4374,gibraltar
4375,cenelec
4376,feet
4377,compulsorili
4378,bigger
4379,minc
4380,ri
4381,sverig
4382,enorm
4383,rectangular
4384,arc
4385,importantli
4386,dip
4387,coffe
4388,bse
4389,vitamin
4390,chicken
4391,chose
4392,situ
4393,nederlanden
4394,transvers
4395,relai
4396,lane
4397,vacant
4398,impregn
4399,countrysid
4400,echinoderm
4401,unawar
4402,kazakhstan
4403,popular
4404,xix
4405,asbesto
4406,telefax
4407,armenia
4408,faro
4409,obviat
4410,collater
4411,rememb
4412,dalsag
4413,afgegeven
4414,scarc
4415,hu
4416,cab
4417,hat
4418,foam
4419,rope
4420,yeast
4421,pi
4422,polyurethan
4423,adress
4424,photocopi
4425,agrimonetari
4426,wave
4427,conced
4428,agr
4429,hydrochlor
4430,cz
4431,meteorolog
4432,vent
4433,carpet
4434,predecessor
4435,consejo
4436,expedi
4437,inferior
4438,biodivers
4439,restitut
4440,inhal
4441,centrifug
4442,tie
4443,gc
4444,deck
4445,eeg
4446,smell
4447,xxiii
4448,inherit
4449,ball
4450,resembl
4451,religi
4452,registrar
4453,ngo
4454,terror
4455,replenish
4456,lebanon
4457,collector
4458,sativa
4459,focal
4460,moni
4461,cellular
4462,wetstraat
4463,loir
4464,ioniz
4465,eighti
4466,nordic
4467,granul
4468,categoris
4469,ineffici
4470,vall
4471,chromium
4472,sutherland
4473,hidden
4474,hormon
4475,pit
4476,lamin
4477,conomiqu
4478,sou
4479,tropic
4480,gundelach
4481,nederlands
4482,alkyl
4483,genera
4484,reino
4485,tunic
4486,u
4487,emitido
4488,appos
4489,venu
4490,pull
4491,gelatin
4492,compagni
4493,produto
4494,assimil
4495,diagon
4496,alto
4497,interf
4498,entr
4499,prosper
4500,qu
4501,geometr
4502,leakag
4503,refineri
4504,ethylen
4505,regain
4506,org
4507,vineyard
4508,ei
4509,mbh
4510,ombudsman
4511,sin
4512,gate
4513,siemen
4514,deepen
4515,capitalis
4516,carton
4517,afghanistan
4518,plead
4519,stretch
4520,repatri
4521,stick
4522,exacerb
4523,reintroduc
4524,un
4525,perfor
4526,centuri
4527,elev
4528,htm
4529,multimedia
4530,ipso
4531,artigo
4532,microscop
4533,mat
4534,cigarett
4535,unequ
4536,dam
4537,christoph
4538,kahdentenakymmenenten
4539,ingot
4540,articolo
4541,cec
4542,rdat
4543,tuft
4544,ter
4545,wooden
4546,solvenc
4547,serum
4548,aspir
4549,len
4550,survivor
4551,caution
4552,cs
4553,impractic
4554,antigen
4555,substrat
4556,consortia
4557,manuscript
4558,yard
4559,music
4560,spatial
4561,douan
4562,tan
4563,surpris
4564,shoulder
4565,toilet
4566,mushroom
4567,culo
4568,unrealist
4569,hsh
4570,streamlin
4571,grei
4572,abajo
4573,regener
4574,moldova
4575,linkag
4576,gesetzt
4577,dental
4578,gesellschaft
4579,indebted
4580,sri
4581,chairperson
4582,sensor
4583,udstedt
4584,pin
4585,titr
4586,grew
4587,smoothli
4588,groundwat
4589,dens
4590,relianc
4591,bruce
4592,tune
4593,sludg
4594,analyz
4595,injunct
4596,unfound
4597,spell
4598,friction
4599,uphold
4600,sierra
4601,see
4602,topographi
4603,replic
4604,olaf
4605,sulphid
4606,thaw
4607,score
4608,sua
4609,analyst
4610,leadership
4611,automot
4612,emolu
4613,kitchen
4614,rabi
4615,animo
4616,droit
4617,shake
4618,nicht
4619,ana
4620,rape
4621,suomen
4622,assinatura
4623,roller
4624,knit
4625,license
4626,subsect
4627,bench
4628,detent
4629,tongu
4630,offshor
4631,mutagen
4632,seab
4633,venezuela
4634,expedido
4635,respiratori
4636,ng
4637,vagu
4638,nurseri
4639,maltes
4640,magazin
4641,velopp
4642,donat
4643,ethnic
4644,ali
4645,struck
4646,telemat
4647,wealth
4648,retriev
4649,val
4650,karl
4651,versu
4652,boi
4653,str
4654,crown
4655,convict
4656,ultra
4657,arabl
4658,rilasciato
4659,unalt
4660,unplan
4661,alien
4662,chairmanship
4663,arrest
4664,arsen
4665,oie
4666,georg
4667,brief
4668,readabl
4669,archaeolog
4670,direc
4671,addict
4672,alli
4673,catalyt
4674,gion
4675,gunnarsson
4676,unspecifi
4677,sun
4678,nich
4679,confectioneri
4680,gift
4681,cheap
4682,drum
4683,hourli
4684,aboard
4685,acquaint
4686,twin
4687,fifg
4688,banco
4689,variet
4690,han
4691,cual
4692,dal
4693,untreat
4694,pdo
4695,peach
4696,gesteld
4697,detector
4698,sw
4699,flammabl
4700,cord
4701,allianc
4702,boiler
4703,conselho
4704,herbicid
4705,papandr
4706,tn
4707,hermet
4708,feedback
4709,bekr
4710,tiff
4711,seventi
4712,lemon
4713,baden
4714,migratori
4715,chemistri
4716,kongeriget
4717,generalis
4718,bonu
4719,contributor
4720,lanka
4721,spun
4722,treasur
4723,wake
4724,inaccuraci
4725,fuer
4726,footwear
4727,anhydrid
4728,nipotentiair
4729,sediment
4730,sprout
4731,haulag
4732,instabl
4733,revolut
4734,contradictori
4735,nutrient
4736,stopper
4737,blade
4738,vinyl
4739,dansk
4740,charcoal
4741,feather
4742,ammunit
4743,gene
4744,longitud
4745,calc
4746,spark
4747,strawberri
4748,regeringen
4749,indemn
4750,brassica
4751,invent
4752,token
4753,kt
4754,turkish
4755,unavail
4756,misconduct
4757,spice
4758,imit
4759,munich
4760,loro
4761,bangladesh
4762,matrix
4763,think
4764,certificat
4765,ovat
4766,rm
4767,clearer
4768,gl
4769,sicili
4770,sr
4771,ondergetekend
4772,firmant
4773,reinstat
4774,undisclos
4775,quasi
4776,cembr
4777,cologn
4778,septicaemia
4779,fan
4780,probe
4781,instig
4782,holland
4783,plenari
4784,apparel
4785,patholog
4786,ineffect
4787,demarc
4788,abund
4789,bookkeep
4790,plenipotenziari
4791,surnam
4792,issuer
4793,insolubl
4794,eleven
4795,troi
4796,roast
4797,confisc
4798,insecticid
4799,shrimp
4800,lean
4801,phosphor
4802,blind
4803,litig
4804,broker
4805,lever
4806,volumetr
4807,disconnect
4808,center
4809,aut
4810,ihn
4811,halogen
4812,ty
4813,frf
4814,apertur
4815,fuell
4816,synthesi
4817,vendor
4818,fusion
4819,haul
4820,decontamin
4821,vh
4822,tanzania
4823,casein
4824,in
4825,reopen
4826,poison
4827,apposto
4828,prototyp
4829,toxin
4830,bare
4831,fenc
4832,ftels
4833,salmonella
4834,referenc
4835,revert
4836,metabol
4837,namibia
4838,preciou
4839,mon
4840,peer
4841,amino
4842,ireann
4843,pad
4844,evacu
4845,pastur
4846,memori
4847,cuba
4848,chairmen
4849,nom
4850,enclosur
4851,hook
4852,et
4853,heinz
4854,jamaica
4855,mediat
4856,oc
4857,queri
4858,incap
4859,deform
4860,erron
4861,trail
4862,edinburgh
4863,cleric
4864,buse
4865,zen
4866,verheugen
4867,indoor
4868,scan
4869,monoxid
4870,inlet
4871,rd
4872,tokyo
4873,zijn
4874,sant
4875,anhydr
4876,amen
4877,monument
4878,vial
4879,radiolog
4880,sizeabl
4881,methanol
4882,pgi
4883,trainer
4884,salmon
4885,depot
4886,kpa
4887,inspir
4888,shelter
4889,maria
4890,flash
4891,ref
4892,revalu
4893,suprem
4894,psr
4895,psycholog
4896,packer
4897,on
4898,azerbaijan
4899,thessaloniki
4900,impetu
4901,outdoor
4902,autoris
4903,renam
4904,longest
4905,bread
4906,nearbi
4907,rival
4908,sundai
4909,sept
4910,materialis
4911,surrend
4912,guyana
4913,embrac
4914,metabolit
4915,subgroup
4916,banker
4917,antwerp
4918,stanc
4919,zea
4920,plug
4921,pea
4922,gevolmachtigden
4923,villag
4924,off
4925,testimoni
4926,claimant
4927,criticis
4928,gum
4929,mainstream
4930,manpow
4931,worn
4932,pallet
4933,mask
4934,ander
4935,pariti
4936,astm
4937,knowingli
4938,noxiou
4939,apportion
4940,rot
4941,dezemb
4942,subsoil
4943,sem
4944,lessen
4945,lambert
4946,verd
4947,sv
4948,ministero
4949,millan
4950,chick
4951,idl
4952,quorum
4953,conceptu
4954,mica
4955,manuel
4956,compliant
4957,sunflow
4958,castellana
4959,cubic
4960,unreli
4961,rami
4962,goodwil
4963,heterogen
4964,vacanc
4965,ascrib
4966,vitro
4967,screw
4968,sequenti
4969,ola
4970,outgo
4971,leverag
4972,siev
4973,abstent
4974,thermomet
4975,underwai
4976,precari
4977,forag
4978,turbin
4979,invert
4980,ben
4981,violenc
4982,neglect
4983,cleans
4984,ot
4985,rectif
4986,bolivia
4987,downturn
4988,unequivoc
4989,thar
4990,rtd
4991,vesicular
4992,fragil
4993,istituto
4994,stroke
4995,erect
4996,confirmatori
4997,kr
4998,varnish
4999,sb
